frame,x [nm],y [nm],confidence [a.u]
1,20780.0,0.0,0.11657988280057907
1,35820.0,20.0,0.14760884642601013
1,14280.0,100.0,0.2210434377193451
1,17200.0,140.0,0.1305375099182129
1,12000.0,200.0,0.13308748602867126
1,25740.0,200.0,0.12113554030656815
1,16940.0,240.0,0.12645186483860016
1,18320.0,240.0,0.13808998465538025
1,25220.0,320.0,0.10106395930051804
1,5660.0,360.0,0.20503857731819153
1,22560.0,380.0,0.24554739892482758
1,18960.0,480.0,0.1298045814037323
1,6740.0,500.0,0.27170172333717346
1,10000.0,520.0,0.22484928369522095
1,26880.0,560.0,0.24985432624816895
1,24120.0,580.0,0.2001524716615677
1,36320.0,580.0,0.2160993367433548
1,10620.0,680.0,0.29059839248657227
1,8960.0,740.0,0.10760322958230972
1,8100.0,780.0,0.12485292553901672
1,7580.0,840.0,0.11541172862052917
1,6460.0,940.0,0.13322781026363373
1,18400.0,960.0,0.17645546793937683
1,5860.0,1000.0,0.15542693436145782
1,22960.0,1040.0,0.1048339456319809
1,32880.0,1040.0,0.16247788071632385
1,12200.0,1080.0,0.11503604054450989
1,28060.0,1100.0,0.10948601365089417
1,18960.0,1120.0,0.11571026593446732
1,29360.0,1160.0,0.1960495263338089
1,18880.0,1180.0,0.17592455446720123
1,21700.0,1260.0,0.1779850572347641
1,20740.0,1280.0,0.10092876106500626
1,18140.0,1300.0,0.11734775453805923
1,9240.0,1340.0,0.1096792072057724
1,33200.0,1360.0,0.14131367206573486
1,12600.0,1400.0,0.11136152595281601
1,21220.0,1500.0,0.1730767786502838
1,27020.0,1600.0,0.338225394487381
1,25020.0,1620.0,0.11818230152130127
1,9900.0,1680.0,0.14790400862693787
1,15180.0,1680.0,0.16172224283218384
1,23900.0,1680.0,0.11287841945886612
1,26500.0,1680.0,0.14007456600666046
1,28560.0,1680.0,0.11979217082262039
1,36760.0,1680.0,0.1755475401878357
1,23660.0,1740.0,0.11929616332054138
1,22560.0,1760.0,0.11613397300243378
1,30040.0,1800.0,0.12587769329547882
1,10400.0,1820.0,0.1061977818608284
1,18000.0,1820.0,0.11269170790910721
1,25620.0,1820.0,0.31597957015037537
1,29920.0,1820.0,0.15303179621696472
1,30460.0,1820.0,0.11204665899276733
1,32560.0,1860.0,0.2505894601345062
1,8060.0,1920.0,0.1697547733783722
1,13340.0,1940.0,0.10736573487520218
1,9120.0,2080.0,0.1978749930858612
1,15540.0,2120.0,0.1864507645368576
1,21900.0,2140.0,0.1231081634759903
1,18180.0,2180.0,0.2432689368724823
1,17920.0,2220.0,0.1283935159444809
1,10240.0,2240.0,0.14570555090904236
1,12860.0,2280.0,0.18460966646671295
1,26540.0,2280.0,0.10384006053209305
1,9400.0,2320.0,0.14669491350650787
1,16800.0,2340.0,0.21929998695850372
1,18740.0,2360.0,0.2747953534126282
1,7960.0,2400.0,0.1345950961112976
1,27660.0,2400.0,0.2168537676334381
1,19500.0,2440.0,0.3059588372707367
1,25600.0,2440.0,0.200691357254982
1,35440.0,2440.0,0.3275524079799652
1,9840.0,2460.0,0.12164726108312607
1,14160.0,2480.0,0.1910339742898941
1,24360.0,2500.0,0.3732639253139496
1,29020.0,2500.0,0.1120884120464325
1,14660.0,2520.0,0.10432353615760803
1,22700.0,2520.0,0.19778434932231903
1,13120.0,2620.0,0.14246635138988495
1,16160.0,2640.0,0.279651403427124
1,40880.0,2660.0,0.11472965031862259
1,36860.0,2700.0,0.2333805412054062
1,11000.0,2800.0,0.10494865477085114
1,12240.0,2800.0,0.19759614765644073
1,19220.0,2800.0,0.22480008006095886
1,20320.0,2800.0,0.1958523541688919
1,23500.0,2800.0,0.12498272210359573
1,21680.0,2840.0,0.1480729728937149
1,20500.0,2880.0,0.12557679414749146
1,9180.0,2900.0,0.10735573619604111
1,12800.0,2900.0,0.11898484081029892
1,37360.0,2900.0,0.21056674420833588
1,9080.0,2920.0,0.14936614036560059
1,11500.0,3020.0,0.15946021676063538
1,19520.0,3060.0,0.13272491097450256
1,10160.0,3120.0,0.11872041970491409
1,38320.0,3120.0,0.1590600609779358
1,30560.0,3140.0,0.23030881583690643
1,27340.0,3160.0,0.10432189702987671
1,26080.0,3200.0,0.2536723017692566
1,28760.0,3200.0,0.30242210626602173
1,10680.0,3280.0,0.17941920459270477
1,7420.0,3300.0,0.12486974149942398
1,15560.0,3340.0,0.13547112047672272
1,18620.0,3440.0,0.14275652170181274
1,7840.0,3460.0,0.22173473238945007
1,7060.0,3500.0,0.14350195229053497
1,13720.0,3560.0,0.10006000846624374
1,19900.0,3560.0,0.10376332700252533
1,16280.0,3580.0,0.16187690198421478
1,8540.0,3600.0,0.2498246282339096
1,13220.0,3600.0,0.10502246767282486
1,20220.0,3640.0,0.10578999668359756
1,5720.0,3680.0,0.15776531398296356
1,14040.0,3680.0,0.13379032909870148
1,21000.0,3680.0,0.10288417339324951
1,11360.0,3740.0,0.11207327991724014
1,11480.0,3740.0,0.15747569501399994
1,13900.0,3740.0,0.12568621337413788
1,6480.0,3760.0,0.29524660110473633
1,39200.0,3760.0,0.23004165291786194
1,25420.0,3840.0,0.1908501237630844
1,31560.0,3840.0,0.33920910954475403
1,17260.0,3860.0,0.13342967629432678
1,30200.0,3880.0,0.11150040477514267
1,14600.0,3900.0,0.10839526355266571
1,21180.0,3920.0,0.11332999914884567
1,39660.0,3920.0,0.12073666602373123
1,10980.0,3980.0,0.11947248876094818
1,19420.0,3980.0,0.15571683645248413
1,38840.0,4040.0,0.1863740235567093
1,19840.0,4160.0,0.1074727401137352
1,10200.0,4180.0,0.18652892112731934
1,20440.0,4220.0,0.1068941131234169
1,29120.0,4220.0,0.26887673139572144
1,13600.0,4260.0,0.14764544367790222
1,7820.0,4280.0,0.15920312702655792
1,7320.0,4300.0,0.11515277624130249
1,30520.0,4300.0,0.18927012383937836
1,24040.0,4360.0,0.19089938700199127
1,6260.0,4380.0,0.1179286316037178
1,8740.0,4480.0,0.21469168365001678
1,9260.0,4480.0,0.16773442924022675
1,23840.0,4480.0,0.12888701260089874
1,29160.0,4520.0,0.11222032457590103
1,8220.0,4540.0,0.10619260370731354
1,29120.0,4560.0,0.15203239023685455
1,35160.0,4580.0,0.2128891944885254
1,12340.0,4620.0,0.12034246325492859
1,34240.0,4640.0,0.25979986786842346
1,20020.0,4680.0,0.140899658203125
1,22100.0,4700.0,0.23553620278835297
1,14320.0,4720.0,0.11326844990253448
1,20100.0,4740.0,0.19370462000370026
1,10320.0,4760.0,0.16207318007946014
1,23120.0,4760.0,0.1283223181962967
1,40640.0,4760.0,0.11245216429233551
1,13400.0,4800.0,0.132949098944664
1,5600.0,4820.0,0.13526339828968048
1,13480.0,4820.0,0.11379024386405945
1,17440.0,4860.0,0.2134348750114441
1,11620.0,4880.0,0.1902911514043808
1,19460.0,4900.0,0.10533439368009567
1,27580.0,4960.0,0.12031597644090652
1,6260.0,5000.0,0.13697241246700287
1,31940.0,5000.0,0.3073035180568695
1,8720.0,5020.0,0.10302767902612686
1,27460.0,5020.0,0.34138956665992737
1,6740.0,5080.0,0.303450345993042
1,20320.0,5100.0,0.2095922827720642
1,32980.0,5100.0,0.11096359044313431
1,35980.0,5100.0,0.2603301703929901
1,3300.0,5120.0,0.4678303599357605
1,8420.0,5140.0,0.1609867662191391
1,18960.0,5140.0,0.1276145577430725
1,7760.0,5180.0,0.22654885053634644
1,35000.0,5180.0,0.242214635014534
1,18100.0,5220.0,0.16252796351909637
1,5220.0,5240.0,0.15807946026325226
1,22700.0,5260.0,0.17312805354595184
1,28480.0,5260.0,0.12401484698057175
1,5860.0,5280.0,0.15135282278060913
1,22640.0,5300.0,0.13614635169506073
1,27980.0,5400.0,0.15704217553138733
1,10860.0,5480.0,0.1509648561477661
1,17140.0,5500.0,0.10168518126010895
1,12540.0,5540.0,0.2057151049375534
1,26720.0,5540.0,0.14161929488182068
1,14420.0,5600.0,0.13688693940639496
1,29320.0,5620.0,0.30195900797843933
1,24740.0,5660.0,0.18426862359046936
1,12280.0,5720.0,0.10566598176956177
1,30520.0,5720.0,0.1962626725435257
1,34760.0,5720.0,0.17315201461315155
1,32880.0,5760.0,0.20799638330936432
1,12080.0,5820.0,0.10516490042209625
1,13120.0,5820.0,0.16426663100719452
1,12240.0,5840.0,0.12826284766197205
1,13180.0,5840.0,0.1884237825870514
1,18600.0,5920.0,0.2624688446521759
1,24980.0,5920.0,0.1232527568936348
1,20960.0,5960.0,0.1614665687084198
1,23640.0,6040.0,0.14252997934818268
1,25880.0,6040.0,0.16187919676303864
1,7200.0,6060.0,0.12360456585884094
1,5220.0,6080.0,0.12134698033332825
1,32120.0,6160.0,0.16079404950141907
1,27640.0,6180.0,0.1780199557542801
1,6180.0,6220.0,0.14106498658657074
1,8720.0,6220.0,0.1801793873310089
1,40300.0,6240.0,0.1628800630569458
1,20900.0,6340.0,0.1121208518743515
1,8040.0,6360.0,0.187912717461586
1,11300.0,6360.0,0.13587842881679535
1,28360.0,6380.0,0.13547220826148987
1,21020.0,6400.0,0.2635827958583832
1,5760.0,6420.0,0.13230758905410767
1,15360.0,6560.0,0.15579934418201447
1,13280.0,6660.0,0.1276606321334839
1,8300.0,6700.0,0.21522295475006104
1,10540.0,6700.0,0.1627267450094223
1,37280.0,6700.0,0.14680077135562897
1,23480.0,6720.0,0.2110908478498459
1,27300.0,6760.0,0.19242878258228302
1,22720.0,6880.0,0.12137797474861145
1,21540.0,6940.0,0.31415531039237976
1,29500.0,6940.0,0.2122153639793396
1,32820.0,6940.0,0.31436604261398315
1,6940.0,7000.0,0.1339901089668274
1,30420.0,7040.0,0.18727120757102966
1,23240.0,7060.0,0.14440585672855377
1,6680.0,7100.0,0.12514010071754456
1,23180.0,7120.0,0.27653276920318604
1,8860.0,7140.0,0.14558330178260803
1,16740.0,7180.0,0.12556475400924683
1,8380.0,7300.0,0.13941539824008942
1,31660.0,7300.0,0.11751940846443176
1,39140.0,7320.0,0.13462327420711517
1,16480.0,7360.0,0.16182579100131989
1,9840.0,7400.0,0.13403771817684174
1,28900.0,7440.0,0.13189874589443207
1,5560.0,7460.0,0.16797251999378204
1,12540.0,7500.0,0.11100643873214722
1,20700.0,7500.0,0.32248395681381226
1,6280.0,7520.0,0.1404409259557724
1,13440.0,7600.0,0.30986499786376953
1,22060.0,7600.0,0.2856641709804535
1,27080.0,7640.0,0.1778412163257599
1,39360.0,7640.0,0.10195432603359222
1,7260.0,7680.0,0.10125520080327988
1,7940.0,7760.0,0.2687918543815613
1,19040.0,7820.0,0.12605194747447968
1,13820.0,7840.0,0.24870693683624268
1,23460.0,7880.0,0.2046447992324829
1,26520.0,7900.0,0.10212276875972748
1,24440.0,7960.0,0.12453577667474747
1,29780.0,7960.0,0.20814450085163116
1,17920.0,7980.0,0.13630031049251556
1,8060.0,8000.0,0.21808741986751556
1,38780.0,8000.0,0.11528883874416351
1,19480.0,8060.0,0.24201852083206177
1,8140.0,8080.0,0.13161054253578186
1,13140.0,8080.0,0.10455476492643356
1,28740.0,8080.0,0.10249307751655579
1,6860.0,8140.0,0.29145365953445435
1,13280.0,8140.0,0.20018436014652252
1,25260.0,8140.0,0.10342717915773392
1,26000.0,8180.0,0.13486920297145844
1,7380.0,8220.0,0.1177564412355423
1,10040.0,8320.0,0.22322635352611542
1,10840.0,8320.0,0.12144813686609268
1,11420.0,8320.0,0.17364773154258728
1,4480.0,8380.0,0.15801241993904114
1,25600.0,8560.0,0.2514440417289734
1,38940.0,8620.0,0.14967595040798187
1,27780.0,8640.0,0.27565985918045044
1,6420.0,8680.0,0.12108916789293289
1,8880.0,8700.0,0.12771213054656982
1,10520.0,8700.0,0.13406692445278168
1,29320.0,8700.0,0.21037742495536804
1,38860.0,8700.0,0.1798042356967926
1,8280.0,8720.0,0.1561698615550995
1,32360.0,8740.0,0.17827551066875458
1,20940.0,8760.0,0.23825682699680328
1,38940.0,8760.0,0.1278209686279297
1,39500.0,8800.0,0.1177038848400116
1,5220.0,8860.0,0.23501934111118317
1,9920.0,8880.0,0.2131415605545044
1,20820.0,8880.0,0.1599380075931549
1,29600.0,8880.0,0.16318091750144958
1,39740.0,8880.0,0.26540496945381165
1,11380.0,8900.0,0.11839088797569275
1,17740.0,8900.0,0.11617497354745865
1,26300.0,8960.0,0.10592587292194366
1,38740.0,8960.0,0.15108296275138855
1,14660.0,8980.0,0.15938836336135864
1,16000.0,9000.0,0.18765288591384888
1,5020.0,9020.0,0.1276790052652359
1,12280.0,9020.0,0.1327894628047943
1,12740.0,9020.0,0.1816675066947937
1,38140.0,9020.0,0.22562050819396973
1,26220.0,9040.0,0.24194256961345673
1,35360.0,9080.0,0.2342769205570221
1,4580.0,9100.0,0.11887272447347641
1,9480.0,9120.0,0.14716315269470215
1,4820.0,9160.0,0.20917551219463348
1,13120.0,9180.0,0.20100519061088562
1,27060.0,9200.0,0.13681726157665253
1,30080.0,9220.0,0.10054881870746613
1,11720.0,9260.0,0.1512203812599182
1,23500.0,9280.0,0.21393728256225586
1,39200.0,9280.0,0.2739456295967102
1,34020.0,9360.0,0.2203318178653717
1,36960.0,9380.0,0.2269551157951355
1,9920.0,9440.0,0.10776332765817642
1,40640.0,9560.0,0.11136499047279358
1,28500.0,9600.0,0.16914254426956177
1,39580.0,9600.0,0.12495675683021545
1,16860.0,9620.0,0.19753359258174896
1,30060.0,9700.0,0.17622290551662445
1,6200.0,9720.0,0.14926135540008545
1,32940.0,9760.0,0.13612443208694458
1,7960.0,9840.0,0.15501880645751953
1,12020.0,9840.0,0.14401595294475555
1,40040.0,9840.0,0.2752533555030823
1,16860.0,9860.0,0.14321811497211456
1,23840.0,9860.0,0.11452393233776093
1,7360.0,9920.0,0.11747050285339355
1,17220.0,9920.0,0.1653100997209549
1,17120.0,9960.0,0.18053311109542847
1,27380.0,9960.0,0.25496962666511536
1,8340.0,10020.0,0.11674486845731735
1,38620.0,10040.0,0.14320820569992065
1,13380.0,10060.0,0.12196312099695206
1,24120.0,10100.0,0.20224685966968536
1,15340.0,10120.0,0.21770066022872925
1,12520.0,10140.0,0.11207768321037292
1,12640.0,10160.0,0.15259811282157898
1,4440.0,10240.0,0.3245804011821747
1,6880.0,10280.0,0.19135859608650208
1,34880.0,10280.0,0.23020119965076447
1,36840.0,10360.0,0.1555263102054596
1,20720.0,10420.0,0.11340786516666412
1,13120.0,10440.0,0.17550577223300934
1,5540.0,10480.0,0.18174424767494202
1,17000.0,10480.0,0.1298297792673111
1,12640.0,10500.0,0.1133650466799736
1,23980.0,10520.0,0.12155354022979736
1,27260.0,10600.0,0.2170671969652176
1,16260.0,10640.0,0.14192862808704376
1,14940.0,10720.0,0.11867420375347137
1,37120.0,10720.0,0.15549446642398834
1,20960.0,10740.0,0.24996472895145416
1,24800.0,10780.0,0.1643773764371872
1,5680.0,10800.0,0.257278710603714
1,11660.0,10800.0,0.16767463088035583
1,36140.0,10800.0,0.19224503636360168
1,4260.0,10820.0,0.2337852567434311
1,21620.0,10840.0,0.12302343547344208
1,9100.0,10860.0,0.11842399835586548
1,12340.0,10860.0,0.15196014940738678
1,11360.0,10920.0,0.13234944641590118
1,17420.0,10920.0,0.12074475735425949
1,8260.0,10980.0,0.1071653962135315
1,6680.0,11040.0,0.22232867777347565
1,16580.0,11040.0,0.26003074645996094
1,22040.0,11060.0,0.2727682292461395
1,12940.0,11100.0,0.24953661859035492
1,19760.0,11120.0,0.12018025666475296
1,25960.0,11120.0,0.12886321544647217
1,20920.0,11200.0,0.2664656937122345
1,34600.0,11200.0,0.3236185312271118
1,7520.0,11220.0,0.10081715136766434
1,10600.0,11280.0,0.117863729596138
1,5300.0,11300.0,0.11935319006443024
1,4180.0,11340.0,0.1006048396229744
1,10620.0,11340.0,0.10298015177249908
1,17060.0,11360.0,0.11159589141607285
1,24900.0,11360.0,0.15879099071025848
1,26840.0,11360.0,0.10264736413955688
1,31680.0,11360.0,0.320061594247818
1,11140.0,11400.0,0.1559998095035553
1,36020.0,11400.0,0.13649506866931915
1,9140.0,11420.0,0.23436978459358215
1,10260.0,11500.0,0.1132376566529274
1,33920.0,11520.0,0.14109741151332855
1,13600.0,11540.0,0.1062893345952034
1,11060.0,11560.0,0.1628788560628891
1,36800.0,11580.0,0.16272342205047607
1,5580.0,11640.0,0.101782888174057
1,39120.0,11640.0,0.10430822521448135
1,23800.0,11660.0,0.10135520249605179
1,16560.0,11680.0,0.1357332020998001
1,27740.0,11700.0,0.13255412876605988
1,20620.0,11720.0,0.13836021721363068
1,25900.0,11720.0,0.16330888867378235
1,3620.0,11740.0,0.2779204845428467
1,17820.0,11760.0,0.11235799640417099
1,36940.0,11760.0,0.24615560472011566
1,4280.0,11800.0,0.2752109169960022
1,27620.0,11800.0,0.11895699799060822
1,21200.0,11840.0,0.2596259117126465
1,28460.0,11860.0,0.2530747652053833
1,6660.0,11900.0,0.11775465309619904
1,38860.0,11920.0,0.34378159046173096
1,36000.0,11960.0,0.1584392935037613
1,16920.0,12000.0,0.19226853549480438
1,20000.0,12060.0,0.17352667450904846
1,7360.0,12080.0,0.3009529709815979
1,14280.0,12100.0,0.20141437649726868
1,16960.0,12120.0,0.13400892913341522
1,19300.0,12140.0,0.15494650602340698
1,5240.0,12200.0,0.2736649215221405
1,31800.0,12200.0,0.15281683206558228
1,12460.0,12220.0,0.12739168107509613
1,18520.0,12220.0,0.2414451539516449
1,35360.0,12220.0,0.22413642704486847
1,23980.0,12240.0,0.22202429175376892
1,8960.0,12280.0,0.10914358496665955
1,23020.0,12280.0,0.10721215605735779
1,16520.0,12340.0,0.13626886904239655
1,39200.0,12340.0,0.13795091211795807
1,28840.0,12360.0,0.18802879750728607
1,8640.0,12400.0,0.11872629821300507
1,24340.0,12400.0,0.12478923797607422
1,32020.0,12400.0,0.19650129973888397
1,7120.0,12440.0,0.12385527789592743
1,38660.0,12460.0,0.15889187157154083
1,7040.0,12480.0,0.20245973765850067
1,9200.0,12480.0,0.10557466745376587
1,26960.0,12560.0,0.20184101164340973
1,8040.0,12580.0,0.1411258578300476
1,8000.0,12600.0,0.14447011053562164
1,6580.0,12700.0,0.10139183700084686
1,9780.0,12700.0,0.11888681352138519
1,11660.0,12720.0,0.11717191338539124
1,3840.0,12760.0,0.2952924072742462
1,7340.0,12780.0,0.17715555429458618
1,20240.0,12800.0,0.17659302055835724
1,22820.0,12800.0,0.11962343007326126
1,14400.0,12860.0,0.16027478873729706
1,38200.0,12880.0,0.19121015071868896
1,5280.0,12900.0,0.1986447423696518
1,12920.0,12920.0,0.17230284214019775
1,20940.0,12920.0,0.10434599965810776
1,16780.0,12980.0,0.21032895147800446
1,22000.0,13020.0,0.208473801612854
1,11180.0,13040.0,0.13738156855106354
1,4480.0,13080.0,0.30830541253089905
1,11420.0,13080.0,0.1902489811182022
1,35580.0,13080.0,0.12033945322036743
1,33980.0,13120.0,0.10023590922355652
1,20600.0,13140.0,0.127127006649971
1,6820.0,13200.0,0.2533401846885681
1,19360.0,13200.0,0.15685346722602844
1,7820.0,13280.0,0.30418071150779724
1,6580.0,13320.0,0.10831907391548157
1,40900.0,13380.0,0.15457744896411896
1,12480.0,13420.0,0.22440455853939056
1,8520.0,13440.0,0.11626532673835754
1,9760.0,13440.0,0.11690614372491837
1,7200.0,13460.0,0.12887977063655853
1,12980.0,13460.0,0.11684417724609375
1,24580.0,13480.0,0.13486921787261963
1,1680.0,13540.0,0.16076745092868805
1,27540.0,13560.0,0.303321897983551
1,20800.0,13600.0,0.12355752289295197
1,30660.0,13600.0,0.16126175224781036
1,18480.0,13640.0,0.18295957148075104
1,30660.0,13640.0,0.12211287766695023
1,5280.0,13660.0,0.2496509850025177
1,26300.0,13680.0,0.1698935180902481
1,23140.0,13740.0,0.23038630187511444
1,25920.0,13820.0,0.10907039046287537
1,3340.0,13840.0,0.2916299104690552
1,27000.0,13840.0,0.16443245112895966
1,17820.0,13880.0,0.28626981377601624
1,37500.0,13900.0,0.11484145373106003
1,6080.0,13920.0,0.13637074828147888
1,9420.0,13940.0,0.1660776287317276
1,25220.0,13960.0,0.2120482474565506
1,6060.0,13980.0,0.25826525688171387
1,15840.0,13980.0,0.1291549801826477
1,22700.0,14020.0,0.23053541779518127
1,9100.0,14060.0,0.18480710685253143
1,14100.0,14080.0,0.2038579136133194
1,19580.0,14080.0,0.16649776697158813
1,8420.0,14100.0,0.27691730856895447
1,13260.0,14140.0,0.12959569692611694
1,39760.0,14140.0,0.1695011705160141
1,28480.0,14160.0,0.1450153887271881
1,32160.0,14160.0,0.11736162006855011
1,39680.0,14160.0,0.1196545958518982
1,34580.0,14180.0,0.10896740108728409
1,34380.0,14240.0,0.15249581634998322
1,7660.0,14280.0,0.1392296403646469
1,17040.0,14320.0,0.19930200278759003
1,12480.0,14360.0,0.22311830520629883
1,17080.0,14380.0,0.11263759434223175
1,35680.0,14380.0,0.10264012217521667
1,15640.0,14420.0,0.21944832801818848
1,36960.0,14480.0,0.17007163166999817
1,9060.0,14540.0,0.10838362574577332
1,30160.0,14540.0,0.1428258866071701
1,39200.0,14540.0,0.1851893961429596
1,18880.0,14580.0,0.14804787933826447
1,12900.0,14620.0,0.2419223189353943
1,8960.0,14640.0,0.27189385890960693
1,11760.0,14660.0,0.1644057035446167
1,8420.0,14720.0,0.12198058515787125
1,8500.0,14720.0,0.10093443095684052
1,32200.0,14720.0,0.20531870424747467
1,36020.0,14720.0,0.17020222544670105
1,12660.0,14780.0,0.18082155287265778
1,17260.0,14780.0,0.14691521227359772
1,12440.0,14800.0,0.1066194549202919
1,33980.0,14800.0,0.1903826892375946
1,38760.0,14800.0,0.19891850650310516
1,7080.0,14860.0,0.24484555423259735
1,14860.0,14860.0,0.21184445917606354
1,22560.0,14880.0,0.2248094528913498
1,10080.0,14900.0,0.13482855260372162
1,5920.0,14940.0,0.10460896044969559
1,20780.0,14960.0,0.28548353910446167
1,33820.0,14960.0,0.2613767385482788
1,35660.0,15040.0,0.12274740636348724
1,13260.0,15100.0,0.12608091533184052
1,11920.0,15160.0,0.17865341901779175
1,18020.0,15200.0,0.16265980899333954
1,33540.0,15200.0,0.1583791971206665
1,6640.0,15240.0,0.2238074094057083
1,11240.0,15260.0,0.13690420985221863
1,11980.0,15260.0,0.11754044145345688
1,12900.0,15260.0,0.12469793856143951
1,11380.0,15280.0,0.12098325788974762
1,33420.0,15360.0,0.17102523148059845
1,34240.0,15360.0,0.12367905676364899
1,8620.0,15400.0,0.28494733572006226
1,11480.0,15400.0,0.13857460021972656
1,7360.0,15440.0,0.25569334626197815
1,20300.0,15440.0,0.18107463419437408
1,29740.0,15440.0,0.2113194465637207
1,9900.0,15520.0,0.1794026494026184
1,16120.0,15560.0,0.29795220494270325
1,33120.0,15600.0,0.17990034818649292
1,38800.0,15640.0,0.20200589299201965
1,17540.0,15680.0,0.13929225504398346
1,8140.0,15700.0,0.14159102737903595
1,17400.0,15700.0,0.19271576404571533
1,23560.0,15700.0,0.10861431062221527
1,38120.0,15740.0,0.12628069519996643
1,34180.0,15780.0,0.1897619217634201
1,12500.0,15800.0,0.19020605087280273
1,8180.0,15820.0,0.11257783323526382
1,33540.0,15840.0,0.27184557914733887
1,40740.0,15840.0,0.1888216882944107
1,11200.0,15860.0,0.1347096711397171
1,32080.0,15860.0,0.1308143436908722
1,34760.0,15880.0,0.1057509109377861
1,8380.0,15900.0,0.10341201722621918
1,8920.0,15900.0,0.16320465505123138
1,32780.0,15900.0,0.11916793137788773
1,39680.0,15900.0,0.15393255650997162
1,11760.0,16000.0,0.21764138340950012
1,11940.0,16000.0,0.10604114830493927
1,24240.0,16000.0,0.21212610602378845
1,30940.0,16000.0,0.10788816213607788
1,16000.0,16080.0,0.13171616196632385
1,7240.0,16160.0,0.2101651281118393
1,37660.0,16180.0,0.19120138883590698
1,36080.0,16220.0,0.2530076801776886
1,29840.0,16240.0,0.1890481412410736
1,6320.0,16300.0,0.2576822340488434
1,19440.0,16300.0,0.1388004571199417
1,19480.0,16320.0,0.1082863062620163
1,24800.0,16320.0,0.21919281780719757
1,29520.0,16320.0,0.11638754606246948
1,14340.0,16340.0,0.11435668915510178
1,31160.0,16400.0,0.16819225251674652
1,25400.0,16480.0,0.2657250761985779
1,29460.0,16480.0,0.16431502997875214
1,26840.0,16520.0,0.16753777861595154
1,31520.0,16540.0,0.17112824320793152
1,30540.0,16560.0,0.16136133670806885
1,35740.0,16600.0,0.15479953587055206
1,35520.0,16620.0,0.30865541100502014
1,25880.0,16660.0,0.22280222177505493
1,25760.0,16700.0,0.12037532776594162
1,38840.0,16700.0,0.14875075221061707
1,20900.0,16720.0,0.1495973765850067
1,35980.0,16760.0,0.15064284205436707
1,20780.0,16780.0,0.14025269448757172
1,22080.0,16800.0,0.2879127264022827
1,23340.0,16800.0,0.10137607902288437
1,28160.0,16840.0,0.11309591680765152
1,19840.0,16860.0,0.20858772099018097
1,7560.0,16880.0,0.2088642567396164
1,9660.0,16880.0,0.2081838995218277
1,14160.0,16880.0,0.10872361809015274
1,16400.0,16880.0,0.11116477847099304
1,38020.0,16880.0,0.12560179829597473
1,27280.0,16900.0,0.16217108070850372
1,13040.0,16940.0,0.10438833385705948
1,15660.0,16940.0,0.11542369425296783
1,10800.0,16960.0,0.12531614303588867
1,23280.0,16960.0,0.1087711825966835
1,38500.0,16960.0,0.1693069040775299
1,9000.0,16980.0,0.173335000872612
1,34400.0,17000.0,0.11113081127405167
1,22760.0,17020.0,0.29951006174087524
1,26740.0,17080.0,0.22975029051303864
1,22380.0,17100.0,0.12543146312236786
1,18560.0,17120.0,0.19756214320659637
1,10340.0,17140.0,0.10006134957075119
1,33300.0,17200.0,0.16892385482788086
1,18160.0,17240.0,0.1858074963092804
1,9920.0,17260.0,0.2625172436237335
1,15320.0,17300.0,0.10218699276447296
1,31620.0,17300.0,0.22343052923679352
1,8020.0,17340.0,0.16766111552715302
1,12780.0,17340.0,0.22094734013080597
1,35700.0,17340.0,0.13380032777786255
1,17640.0,17360.0,0.10085421055555344
1,38680.0,17360.0,0.18294744193553925
1,25440.0,17380.0,0.2657197415828705
1,37080.0,17400.0,0.12065915018320084
1,6180.0,17420.0,0.19845114648342133
1,32480.0,17440.0,0.19063669443130493
1,9260.0,17460.0,0.234061598777771
1,22620.0,17520.0,0.12859201431274414
1,13600.0,17540.0,0.10974837839603424
1,28960.0,17580.0,0.1128176897764206
1,27760.0,17600.0,0.11145500093698502
1,29160.0,17600.0,0.14059008657932281
1,32760.0,17680.0,0.1233130469918251
1,20980.0,17700.0,0.18012769520282745
1,36280.0,17700.0,0.16192366182804108
1,24680.0,17860.0,0.2675033211708069
1,6880.0,17880.0,0.3564628064632416
1,26400.0,17880.0,0.3735096752643585
1,33080.0,17900.0,0.10736764222383499
1,17660.0,17980.0,0.1931208074092865
1,33400.0,18000.0,0.14267493784427643
1,28680.0,18020.0,0.13126958906650543
1,21360.0,18060.0,0.11306363344192505
1,19580.0,18080.0,0.2359590381383896
1,21500.0,18080.0,0.21736881136894226
1,36800.0,18080.0,0.2723873257637024
1,10320.0,18200.0,0.14334841072559357
1,20380.0,18220.0,0.17224445939064026
1,28480.0,18220.0,0.3030492067337036
1,23880.0,18240.0,0.19979047775268555
1,33700.0,18260.0,0.1905791461467743
1,9220.0,18300.0,0.18631839752197266
1,10180.0,18320.0,0.17461109161376953
1,18800.0,18320.0,0.1818910837173462
1,19940.0,18320.0,0.11926741898059845
1,13300.0,18380.0,0.11795474588871002
1,18840.0,18380.0,0.17192018032073975
1,22000.0,18380.0,0.11521440744400024
1,17940.0,18400.0,0.1410873681306839
1,14100.0,18420.0,0.11312880367040634
1,13880.0,18460.0,0.11758842319250107
1,16700.0,18480.0,0.1565198451280594
1,26160.0,18480.0,0.10295025259256363
1,27820.0,18480.0,0.21955381333827972
1,8000.0,18540.0,0.11555185168981552
1,20120.0,18540.0,0.19544509053230286
1,8640.0,18600.0,0.1396455615758896
1,8200.0,18640.0,0.16662287712097168
1,20220.0,18700.0,0.22083516418933868
1,36920.0,18720.0,0.15086185932159424
1,23460.0,18740.0,0.1454484909772873
1,9160.0,18760.0,0.13252775371074677
1,14340.0,18760.0,0.12186809629201889
1,19480.0,18760.0,0.12304482609033585
1,23400.0,18760.0,0.10144450515508652
1,24140.0,18760.0,0.28692278265953064
1,20360.0,18780.0,0.10859962552785873
1,26080.0,18780.0,0.22213226556777954
1,22960.0,18820.0,0.13687121868133545
1,11120.0,18860.0,0.10094765573740005
1,31980.0,18860.0,0.16792187094688416
1,8760.0,18880.0,0.15369220077991486
1,8860.0,18880.0,0.16178175806999207
1,9700.0,18880.0,0.11709640920162201
1,7540.0,18940.0,0.3879476487636566
1,36200.0,18960.0,0.11454275995492935
1,24640.0,19000.0,0.3420727849006653
1,29360.0,19020.0,0.1436290740966797
1,13520.0,19080.0,0.13066606223583221
1,17540.0,19080.0,0.16286161541938782
1,18300.0,19180.0,0.12912893295288086
1,23740.0,19200.0,0.12518781423568726
1,28700.0,19200.0,0.17532899975776672
1,13780.0,19240.0,0.10572487115859985
1,20120.0,19240.0,0.1246405839920044
1,21280.0,19240.0,0.10693777352571487
1,20080.0,19260.0,0.17868241667747498
1,31840.0,19260.0,0.16291099786758423
1,19100.0,19280.0,0.13910990953445435
1,19040.0,19320.0,0.1076609417796135
1,11180.0,19440.0,0.26000022888183594
1,37140.0,19440.0,0.10820231586694717
1,10400.0,19460.0,0.24239172041416168
1,33640.0,19500.0,0.17053452134132385
1,27580.0,19560.0,0.14349590241909027
1,14220.0,19580.0,0.2087993323802948
1,37460.0,19600.0,0.10363319516181946
1,18640.0,19640.0,0.22241675853729248
1,11740.0,19660.0,0.25178277492523193
1,11600.0,19680.0,0.2293405681848526
1,22280.0,19680.0,0.18196694552898407
1,25180.0,19700.0,0.3196527361869812
1,32300.0,19700.0,0.10922218859195709
1,22880.0,19720.0,0.25219428539276123
1,16800.0,19740.0,0.10035761445760727
1,40280.0,19740.0,0.2818007469177246
1,25300.0,19780.0,0.11844169348478317
1,9620.0,19820.0,0.1377173215150833
1,16880.0,19820.0,0.13220584392547607
1,28460.0,19820.0,0.24335721135139465
1,39040.0,19820.0,0.1356738656759262
1,12580.0,19840.0,0.10512115806341171
1,21720.0,19860.0,0.11361367255449295
1,36080.0,19860.0,0.11146669834852219
1,23480.0,19880.0,0.22929629683494568
1,16980.0,19920.0,0.22194965183734894
1,17200.0,19960.0,0.14255410432815552
1,36320.0,19960.0,0.1262899488210678
1,25720.0,19980.0,0.14447957277297974
1,10380.0,20000.0,0.2098829597234726
1,18080.0,20000.0,0.2692923843860626
1,18280.0,20000.0,0.15955759584903717
1,18920.0,20020.0,0.18246246874332428
1,16140.0,20140.0,0.2070133239030838
1,14700.0,20180.0,0.140583798289299
1,14660.0,20200.0,0.14028659462928772
1,19020.0,20200.0,0.11598490178585052
1,31260.0,20240.0,0.18216370046138763
1,38760.0,20260.0,0.10604984313249588
1,38520.0,20280.0,0.13249081373214722
1,11700.0,20320.0,0.12417807430028915
1,35040.0,20320.0,0.16770866513252258
1,36020.0,20340.0,0.12315207719802856
1,12280.0,20360.0,0.10291384905576706
1,9160.0,20400.0,0.11347086727619171
1,9400.0,20420.0,0.2185332179069519
1,26240.0,20420.0,0.10733692348003387
1,31820.0,20440.0,0.24719160795211792
1,15380.0,20460.0,0.12195400893688202
1,24380.0,20480.0,0.10109028220176697
1,40640.0,20540.0,0.13908256590366364
1,39440.0,20620.0,0.1406758576631546
1,9660.0,20640.0,0.281948059797287
1,10800.0,20640.0,0.21677327156066895
1,21700.0,20640.0,0.303090900182724
1,39540.0,20640.0,0.10664770752191544
1,23520.0,20680.0,0.14980190992355347
1,17560.0,20700.0,0.19684122502803802
1,26820.0,20700.0,0.14483867585659027
1,30820.0,20800.0,0.13799095153808594
1,39640.0,20820.0,0.20782746374607086
1,11500.0,20860.0,0.33443090319633484
1,14780.0,20880.0,0.1558227390050888
1,31960.0,20960.0,0.12546078860759735
1,24940.0,21000.0,0.16947926580905914
1,28040.0,21000.0,0.12720414996147156
1,14940.0,21100.0,0.16991160809993744
1,37120.0,21100.0,0.134475439786911
1,39040.0,21120.0,0.1738666445016861
1,23600.0,21240.0,0.19742144644260406
1,19480.0,21260.0,0.20957428216934204
1,25280.0,21260.0,0.13089676201343536
1,10920.0,21300.0,0.2599102556705475
1,14160.0,21300.0,0.1393100619316101
1,33580.0,21300.0,0.11610763520002365
1,12580.0,21320.0,0.12386305630207062
1,20840.0,21360.0,0.11107321083545685
1,26620.0,21360.0,0.13854406774044037
1,21180.0,21420.0,0.1845172643661499
1,24600.0,21440.0,0.18933193385601044
1,11580.0,21460.0,0.13237285614013672
1,21000.0,21460.0,0.11773467063903809
1,15580.0,21480.0,0.20530016720294952
1,25600.0,21480.0,0.2406192570924759
1,20640.0,21500.0,0.10153612494468689
1,18540.0,21560.0,0.15790680050849915
1,39460.0,21560.0,0.17067281901836395
1,29480.0,21580.0,0.12283831089735031
1,19920.0,21600.0,0.12217028439044952
1,13720.0,21620.0,0.2289344221353531
1,25020.0,21620.0,0.18243707716464996
1,19020.0,21680.0,0.2870292067527771
1,15040.0,21700.0,0.14833524823188782
1,26080.0,21700.0,0.34075531363487244
1,14920.0,21740.0,0.11745898425579071
1,23600.0,21740.0,0.14747196435928345
1,11160.0,21760.0,0.11737516522407532
1,17020.0,21760.0,0.17092067003250122
1,23700.0,21800.0,0.12069831788539886
1,11140.0,21820.0,0.11253716796636581
1,39680.0,21900.0,0.11420964449644089
1,16040.0,21920.0,0.21335206925868988
1,32020.0,21920.0,0.139602392911911
1,34360.0,21920.0,0.144332155585289
1,12540.0,21980.0,0.15725824236869812
1,9660.0,22000.0,0.14033286273479462
1,9400.0,22040.0,0.1075449138879776
1,13500.0,22040.0,0.25783926248550415
1,40000.0,22060.0,0.10641008615493774
1,17840.0,22100.0,0.2151063233613968
1,24900.0,22120.0,0.17609775066375732
1,23560.0,22160.0,0.1021418571472168
1,36460.0,22160.0,0.19650714099407196
1,10040.0,22200.0,0.11330590397119522
1,16560.0,22200.0,0.1905091553926468
1,22820.0,22200.0,0.24123650789260864
1,38040.0,22200.0,0.1897832602262497
1,14440.0,22220.0,0.18854588270187378
1,18920.0,22240.0,0.14460591971874237
1,24960.0,22240.0,0.12058614939451218
1,26820.0,22260.0,0.13858360052108765
1,27580.0,22260.0,0.1031358614563942
1,33180.0,22300.0,0.16046874225139618
1,35520.0,22300.0,0.10046862065792084
1,17940.0,22360.0,0.10729057341814041
1,10920.0,22380.0,0.3393901288509369
1,31480.0,22400.0,0.12120026350021362
1,29660.0,22460.0,0.10802803188562393
1,32860.0,22460.0,0.1360386312007904
1,34840.0,22480.0,0.17779485881328583
1,12220.0,22520.0,0.11503034085035324
1,34940.0,22540.0,0.1054033637046814
1,17000.0,22560.0,0.1286502331495285
1,9300.0,22620.0,0.20841458439826965
1,32140.0,22620.0,0.13746248185634613
1,21220.0,22640.0,0.12580819427967072
1,17120.0,22660.0,0.12524746358394623
1,11060.0,22680.0,0.12419561296701431
1,21800.0,22720.0,0.1475270837545395
1,30700.0,22740.0,0.18933072686195374
1,18940.0,22760.0,0.16951021552085876
1,14480.0,22780.0,0.13139910995960236
1,20820.0,22780.0,0.18767808377742767
1,26980.0,22780.0,0.13512393832206726
1,15020.0,22800.0,0.12032954394817352
1,22340.0,22820.0,0.13544495403766632
1,33080.0,22820.0,0.12597018480300903
1,11620.0,22840.0,0.14154013991355896
1,28140.0,22840.0,0.19534677267074585
1,33780.0,22860.0,0.1231544092297554
1,10840.0,22960.0,0.12407970428466797
1,17280.0,22960.0,0.12838949263095856
1,16200.0,22980.0,0.14881299436092377
1,23180.0,22980.0,0.1506279706954956
1,31400.0,22980.0,0.16637809574604034
1,12900.0,23020.0,0.11414703726768494
1,32660.0,23020.0,0.1306401640176773
1,38200.0,23020.0,0.1720501035451889
1,8700.0,23040.0,0.2352372705936432
1,23100.0,23100.0,0.10047422349452972
1,17720.0,23120.0,0.12974287569522858
1,36000.0,23120.0,0.13158437609672546
1,12340.0,23140.0,0.14177994430065155
1,8460.0,23200.0,0.1620270013809204
1,11660.0,23240.0,0.10901109874248505
1,20480.0,23280.0,0.2524327337741852
1,21200.0,23280.0,0.2041996419429779
1,22340.0,23300.0,0.14280444383621216
1,22380.0,23320.0,0.1755673587322235
1,11520.0,23340.0,0.21725201606750488
1,22980.0,23380.0,0.11645887047052383
1,25280.0,23380.0,0.20611703395843506
1,14380.0,23400.0,0.1392696052789688
1,19840.0,23400.0,0.19611728191375732
1,35260.0,23400.0,0.13344702124595642
1,15920.0,23420.0,0.11056436598300934
1,16120.0,23480.0,0.12978941202163696
1,20920.0,23500.0,0.10148651152849197
1,15160.0,23520.0,0.12388525158166885
1,11360.0,23540.0,0.14271269738674164
1,33660.0,23560.0,0.10808109492063522
1,33760.0,23560.0,0.10392095148563385
1,18160.0,23580.0,0.15178261697292328
1,21880.0,23580.0,0.1295691728591919
1,31800.0,23580.0,0.12935346364974976
1,33580.0,23600.0,0.2205403447151184
1,39080.0,23600.0,0.14854419231414795
1,40660.0,23600.0,0.11228086799383163
1,18860.0,23640.0,0.10784212499856949
1,23780.0,23720.0,0.10575928539037704
1,21400.0,23760.0,0.15505658090114594
1,24380.0,23760.0,0.13686494529247284
1,26560.0,23760.0,0.23030604422092438
1,33080.0,23760.0,0.11989779025316238
1,32480.0,23780.0,0.23563669621944427
1,23180.0,23840.0,0.1968316286802292
1,16600.0,23860.0,0.12445200979709625
1,20340.0,23860.0,0.25820043683052063
1,32640.0,23860.0,0.10289164632558823
1,12320.0,23900.0,0.13877294957637787
1,36340.0,23920.0,0.2006298154592514
1,33920.0,24000.0,0.14846061170101166
1,13580.0,24080.0,0.11050315946340561
1,9620.0,24120.0,0.26479440927505493
1,10740.0,24160.0,0.23644915223121643
1,20580.0,24180.0,0.16997657716274261
1,11380.0,24220.0,0.10907098650932312
1,14780.0,24240.0,0.1428425908088684
1,17140.0,24240.0,0.14223985373973846
1,30720.0,24240.0,0.10296636819839478
1,33020.0,24300.0,0.12133680284023285
1,22620.0,24340.0,0.145599365234375
1,14580.0,24380.0,0.17559735476970673
1,16480.0,24380.0,0.16654054820537567
1,17680.0,24400.0,0.17263130843639374
1,32320.0,24400.0,0.18218021094799042
1,32380.0,24400.0,0.21124154329299927
1,10020.0,24620.0,0.13574188947677612
1,37400.0,24620.0,0.12606841325759888
1,15280.0,24660.0,0.131135031580925
1,18000.0,24660.0,0.21919693052768707
1,9920.0,24680.0,0.1603475958108902
1,24600.0,24720.0,0.10337484627962112
1,24720.0,24720.0,0.12635381519794464
1,16620.0,24860.0,0.12595883011817932
1,27500.0,24860.0,0.1574171930551529
1,37100.0,24900.0,0.10104808211326599
1,25900.0,24960.0,0.1956351399421692
1,22780.0,25000.0,0.1478334218263626
1,21220.0,25040.0,0.240070179104805
1,14200.0,25060.0,0.2015816569328308
1,19820.0,25060.0,0.1401197910308838
1,19360.0,25080.0,0.16565346717834473
1,27020.0,25140.0,0.20762544870376587
1,30500.0,25140.0,0.15712760388851166
1,17840.0,25160.0,0.19026049971580505
1,40080.0,25200.0,0.21224847435951233
1,24220.0,25220.0,0.11077915132045746
1,14220.0,25240.0,0.14320696890354156
1,11720.0,25260.0,0.2508433759212494
1,33440.0,25260.0,0.1039598137140274
1,20000.0,25280.0,0.12313705682754517
1,26520.0,25300.0,0.12377884238958359
1,26660.0,25380.0,0.11242922395467758
1,11060.0,25420.0,0.13688331842422485
1,27500.0,25420.0,0.21210317313671112
1,23600.0,25440.0,0.16570298373699188
1,34160.0,25500.0,0.11266698688268661
1,9380.0,25580.0,0.3930683732032776
1,28100.0,25580.0,0.11439050734043121
1,22640.0,25660.0,0.22309988737106323
1,18100.0,25680.0,0.10900861024856567
1,34140.0,25700.0,0.14185528457164764
1,36340.0,25740.0,0.13645559549331665
1,18220.0,25760.0,0.1232326328754425
1,13020.0,25820.0,0.12006624042987823
1,39840.0,25820.0,0.28029197454452515
1,12220.0,25860.0,0.1647820919752121
1,21560.0,25940.0,0.24838612973690033
1,19040.0,25960.0,0.12055698782205582
1,34220.0,25980.0,0.20222705602645874
1,11620.0,26000.0,0.28034403920173645
1,23020.0,26040.0,0.1321914941072464
1,29340.0,26160.0,0.12918144464492798
1,12640.0,26180.0,0.10848791897296906
1,39320.0,26180.0,0.11043025553226471
1,19620.0,26240.0,0.23188716173171997
1,34320.0,26280.0,0.23620443046092987
1,28100.0,26320.0,0.10616932809352875
1,18960.0,26360.0,0.20586729049682617
1,28200.0,26380.0,0.17466698586940765
1,13420.0,26420.0,0.12362665683031082
1,13920.0,26420.0,0.15705277025699615
1,22860.0,26420.0,0.2606024146080017
1,36140.0,26420.0,0.1630336046218872
1,13160.0,26440.0,0.21073810756206512
1,21020.0,26440.0,0.20599530637264252
1,27440.0,26440.0,0.18900954723358154
1,16440.0,26460.0,0.1515016406774521
1,34120.0,26460.0,0.14095143973827362
1,19820.0,26480.0,0.11371178179979324
1,35500.0,26480.0,0.11407972127199173
1,14180.0,26540.0,0.16621854901313782
1,15320.0,26540.0,0.16129572689533234
1,20780.0,26540.0,0.11715255677700043
1,29680.0,26540.0,0.10933805257081985
1,35400.0,26540.0,0.1639420986175537
1,9740.0,26580.0,0.28646135330200195
1,17380.0,26620.0,0.10470867902040482
1,37200.0,26620.0,0.10940852016210556
1,35120.0,26640.0,0.13473637402057648
1,38760.0,26640.0,0.10446805506944656
1,22060.0,26680.0,0.2152373492717743
1,37420.0,26720.0,0.10617908090353012
1,15580.0,26780.0,0.20512202382087708
1,10280.0,26800.0,0.19654223322868347
1,10940.0,26800.0,0.20642384886741638
1,14800.0,26800.0,0.10085703432559967
1,18320.0,26800.0,0.10185130685567856
1,36440.0,26840.0,0.10738490521907806
1,16300.0,26860.0,0.1369243562221527
1,14820.0,26880.0,0.22377321124076843
1,4760.0,26900.0,0.15180906653404236
1,11740.0,26960.0,0.1020568236708641
1,11420.0,27000.0,0.14433518052101135
1,14540.0,27000.0,0.1590152531862259
1,24560.0,27020.0,0.12967202067375183
1,23120.0,27040.0,0.1643267720937729
1,39780.0,27060.0,0.17135095596313477
1,23040.0,27120.0,0.10997708141803741
1,27200.0,27180.0,0.1446755826473236
1,9140.0,27200.0,0.19427995383739471
1,32760.0,27220.0,0.20152045786380768
1,9740.0,27240.0,0.21180890500545502
1,13060.0,27260.0,0.187347874045372
1,20320.0,27280.0,0.22180292010307312
1,38440.0,27300.0,0.14395688474178314
1,23020.0,27320.0,0.10567864775657654
1,40820.0,27340.0,0.19298429787158966
1,12240.0,27360.0,0.2528189718723297
1,28040.0,27360.0,0.13398034870624542
1,28200.0,27360.0,0.11960553377866745
1,28240.0,27360.0,0.11154167354106903
1,23020.0,27380.0,0.13922621309757233
1,14620.0,27420.0,0.13313978910446167
1,20260.0,27420.0,0.13126087188720703
1,31320.0,27420.0,0.2272575944662094
1,27360.0,27460.0,0.12045513838529587
1,10500.0,27480.0,0.15980181097984314
1,15780.0,27480.0,0.10552221536636353
1,39600.0,27520.0,0.20390887558460236
1,29980.0,27540.0,0.1815086007118225
1,37860.0,27580.0,0.19832704961299896
1,39480.0,27580.0,0.1399121731519699
1,7580.0,27600.0,0.21690940856933594
1,38100.0,27620.0,0.1506473571062088
1,9820.0,27640.0,0.22592376172542572
1,9300.0,27680.0,0.1295536756515503
1,16600.0,27680.0,0.12800882756710052
1,17940.0,27680.0,0.18965710699558258
1,35920.0,27780.0,0.14858967065811157
1,35980.0,27780.0,0.13516861200332642
1,20480.0,27800.0,0.12564539909362793
1,8300.0,27820.0,0.13881364464759827
1,32000.0,27840.0,0.10178065299987793
1,13760.0,27860.0,0.18310663104057312
1,35200.0,27860.0,0.12640498578548431
1,13960.0,27900.0,0.13455398380756378
1,15460.0,27900.0,0.1388738751411438
1,33280.0,27900.0,0.13896240293979645
1,35380.0,27920.0,0.12793050706386566
1,22140.0,27980.0,0.12242262810468674
1,36320.0,28000.0,0.19086576998233795
1,16680.0,28020.0,0.11422513425350189
1,22700.0,28080.0,0.15351462364196777
1,8180.0,28100.0,0.1173027753829956
1,9620.0,28160.0,0.32770365476608276
1,20820.0,28160.0,0.21127952635288239
1,27400.0,28160.0,0.10049667954444885
1,19120.0,28180.0,0.16838552057743073
1,22860.0,28180.0,0.1580251157283783
1,32900.0,28180.0,0.2502382695674896
1,18600.0,28260.0,0.10811889171600342
1,14240.0,28280.0,0.2488401085138321
1,32200.0,28300.0,0.16697555780410767
1,34080.0,28300.0,0.11718987673521042
1,34220.0,28300.0,0.1961342692375183
1,20400.0,28380.0,0.12567462027072906
1,24480.0,28380.0,0.14907927811145782
1,28680.0,28380.0,0.14085258543491364
1,28640.0,28400.0,0.16856694221496582
1,37260.0,28440.0,0.13746389746665955
1,38340.0,28440.0,0.21082811057567596
1,15300.0,28460.0,0.15714897215366364
1,15920.0,28460.0,0.1375497430562973
1,26080.0,28460.0,0.10387112200260162
1,26920.0,28460.0,0.3117746114730835
1,27800.0,28460.0,0.1028270274400711
1,33900.0,28460.0,0.15222789347171783
1,18040.0,28480.0,0.15814244747161865
1,34660.0,28480.0,0.20461829006671906
1,36880.0,28480.0,0.11915866285562515
1,10500.0,28500.0,0.2747887074947357
1,27260.0,28520.0,0.2804602086544037
1,21960.0,28540.0,0.12605728209018707
1,4980.0,28580.0,0.10549416393041611
1,19180.0,28580.0,0.10845764726400375
1,11520.0,28620.0,0.22524748742580414
1,14560.0,28640.0,0.212343230843544
1,16080.0,28640.0,0.10715241730213165
1,21020.0,28700.0,0.18724550306797028
1,27260.0,28700.0,0.15937235951423645
1,37660.0,28700.0,0.15459798276424408
1,15140.0,28720.0,0.13864658772945404
1,21120.0,28780.0,0.10107530653476715
1,25000.0,28780.0,0.20323918759822845
1,13080.0,28800.0,0.15700413286685944
1,22520.0,28800.0,0.260417640209198
1,13920.0,28860.0,0.10670717805624008
1,16300.0,28860.0,0.4136718213558197
1,13980.0,28880.0,0.1755417287349701
1,18600.0,28880.0,0.10432645678520203
1,31380.0,28880.0,0.135721817612648
1,31440.0,28900.0,0.12007538229227066
1,18820.0,28920.0,0.12384707480669022
1,16180.0,28940.0,0.15394292771816254
1,18760.0,28940.0,0.10097182542085648
1,23020.0,28940.0,0.1483883410692215
1,40480.0,28940.0,0.182647705078125
1,35360.0,29020.0,0.12744243443012238
1,18100.0,29120.0,0.11536454409360886
1,35400.0,29140.0,0.13511110842227936
1,38640.0,29180.0,0.12760035693645477
1,13660.0,29200.0,0.12304066866636276
1,25300.0,29200.0,0.23121920228004456
1,11920.0,29260.0,0.21311531960964203
1,24540.0,29280.0,0.12947142124176025
1,36040.0,29280.0,0.1146327331662178
1,16760.0,29300.0,0.21780115365982056
1,37580.0,29300.0,0.1038849726319313
1,38800.0,29300.0,0.15726006031036377
1,32700.0,29380.0,0.10223574936389923
1,6080.0,29400.0,0.21335171163082123
1,10960.0,29400.0,0.24682290852069855
1,17300.0,29440.0,0.16748356819152832
1,21740.0,29440.0,0.11504990607500076
1,24000.0,29440.0,0.10969773679971695
1,21940.0,29460.0,0.10244853794574738
1,20880.0,29480.0,0.10688190907239914
1,13320.0,29500.0,0.11984825134277344
1,22020.0,29500.0,0.11426369100809097
1,18080.0,29520.0,0.16210876405239105
1,33440.0,29520.0,0.13126824796199799
1,22340.0,29540.0,0.22301799058914185
1,29020.0,29620.0,0.13496167957782745
1,14720.0,29640.0,0.16765712201595306
1,28320.0,29660.0,0.24203111231327057
1,24960.0,29680.0,0.11435987800359726
1,20320.0,29760.0,0.2659364342689514
1,29780.0,29760.0,0.16107338666915894
1,32940.0,29780.0,0.1359928846359253
1,37520.0,29820.0,0.15076833963394165
1,25600.0,29840.0,0.10513143241405487
1,26700.0,29840.0,0.11159344762563705
1,33080.0,29900.0,0.13497591018676758
1,14260.0,29920.0,0.14106015861034393
1,28020.0,29920.0,0.2158450186252594
1,34860.0,29920.0,0.18357431888580322
1,500.0,29980.0,0.3210810720920563
1,12100.0,29980.0,0.211712047457695
1,14220.0,29980.0,0.10835355520248413
1,37100.0,30000.0,0.14389443397521973
1,38860.0,30000.0,0.3184642195701599
1,25260.0,30020.0,0.18536034226417542
1,30380.0,30020.0,0.15606625378131866
1,16800.0,30060.0,0.1730370670557022
1,26400.0,30060.0,0.21884360909461975
1,26680.0,30060.0,0.19521459937095642
1,28920.0,30060.0,0.18406815826892853
1,33380.0,30060.0,0.10682641714811325
1,18200.0,30100.0,0.11666135489940643
1,36180.0,30100.0,0.26934972405433655
1,35200.0,30220.0,0.19476689398288727
1,19360.0,30240.0,0.14582161605358124
1,24340.0,30240.0,0.19575315713882446
1,20540.0,30280.0,0.12460029870271683
1,23820.0,30300.0,0.18010853230953217
1,29600.0,30340.0,0.12464256584644318
1,24480.0,30380.0,0.13268642127513885
1,34400.0,30380.0,0.1592976152896881
1,22540.0,30400.0,0.10864826291799545
1,40440.0,30400.0,0.27885621786117554
1,12500.0,30420.0,0.21629491448402405
1,34880.0,30420.0,0.10610636323690414
1,13540.0,30460.0,0.19814904034137726
1,36760.0,30460.0,0.13071367144584656
1,40700.0,30460.0,0.1067352220416069
1,19820.0,30500.0,0.16390779614448547
1,25060.0,30520.0,0.1158655434846878
1,13220.0,30540.0,0.14726002514362335
1,26300.0,30540.0,0.10121030360460281
1,40460.0,30540.0,0.11706610769033432
1,12000.0,30560.0,0.149003803730011
1,40940.0,30580.0,0.1453854739665985
1,11220.0,30620.0,0.1852109730243683
1,38800.0,30620.0,0.21337439119815826
1,27720.0,30640.0,0.2677837610244751
1,14760.0,30720.0,0.1821082979440689
1,33660.0,30720.0,0.14602385461330414
1,39600.0,30720.0,0.12026507407426834
1,17040.0,30740.0,0.1076263040304184
1,23280.0,30740.0,0.10864539444446564
1,8780.0,30760.0,0.34553009271621704
1,18840.0,30760.0,0.2078849822282791
1,21540.0,30760.0,0.100772924721241
1,14760.0,30820.0,0.11076494306325912
1,19040.0,30820.0,0.2581387758255005
1,15900.0,30840.0,0.20820479094982147
1,10540.0,30860.0,0.2899361550807953
1,40880.0,30880.0,0.11363988369703293
1,38480.0,30920.0,0.13516363501548767
1,19760.0,30940.0,0.2012273520231247
1,31260.0,30940.0,0.11613932996988297
1,39040.0,30940.0,0.13514499366283417
1,40680.0,30940.0,0.11062688380479813
1,22400.0,30980.0,0.15816731750965118
1,24920.0,30980.0,0.11521489173173904
1,17600.0,31000.0,0.19625544548034668
1,20420.0,31000.0,0.15862035751342773
1,24620.0,31020.0,0.10537005960941315
1,34220.0,31020.0,0.15932902693748474
1,16380.0,31060.0,0.10136809945106506
1,35320.0,31080.0,0.18020057678222656
1,22020.0,31100.0,0.10370749235153198
1,15240.0,31120.0,0.1868336945772171
1,16320.0,31160.0,0.14418645203113556
1,18160.0,31200.0,0.235159233212471
1,22920.0,31260.0,0.19706518948078156
1,37720.0,31260.0,0.18384407460689545
1,37900.0,31260.0,0.1788363754749298
1,9420.0,31280.0,0.309116005897522
1,38900.0,31280.0,0.17630942165851593
1,25580.0,31340.0,0.3027549684047699
1,40240.0,31380.0,0.12258999049663544
1,14080.0,31400.0,0.10955674946308136
1,11620.0,31420.0,0.26764318346977234
1,31200.0,31440.0,0.11267947405576706
1,32160.0,31440.0,0.12670347094535828
1,15780.0,31480.0,0.1663474589586258
1,36280.0,31480.0,0.1357715129852295
1,13220.0,31520.0,0.1436249315738678
1,18940.0,31520.0,0.25537681579589844
1,28880.0,31520.0,0.1014794185757637
1,24380.0,31580.0,0.12709321081638336
1,36320.0,31600.0,0.15730193257331848
1,34720.0,31680.0,0.12497392296791077
1,15640.0,31700.0,0.16609933972358704
1,26980.0,31700.0,0.2304348200559616
1,28380.0,31760.0,0.1849547028541565
1,30820.0,31780.0,0.27141615748405457
1,30300.0,31800.0,0.16738872230052948
1,16260.0,31840.0,0.2654310464859009
1,18620.0,31840.0,0.1374731808900833
1,17240.0,31860.0,0.1690828651189804
1,25540.0,31880.0,0.1439952254295349
1,33620.0,31880.0,0.17506694793701172
1,10880.0,31900.0,0.2317047268152237
1,29080.0,31900.0,0.13059134781360626
1,27020.0,31980.0,0.12048352509737015
1,24500.0,32000.0,0.1911870241165161
1,13720.0,32040.0,0.21481235325336456
1,35460.0,32040.0,0.10995713621377945
1,27280.0,32080.0,0.13126066327095032
1,29060.0,32080.0,0.17765359580516815
1,37120.0,32080.0,0.12639768421649933
1,21220.0,32120.0,0.13507509231567383
1,32860.0,32120.0,0.15380693972110748
1,37560.0,32160.0,0.15275533497333527
1,16420.0,32180.0,0.11036435514688492
1,19880.0,32180.0,0.14174172282218933
1,23500.0,32180.0,0.26494282484054565
1,19760.0,32200.0,0.21063967049121857
1,24040.0,32220.0,0.15308339893817902
1,27480.0,32220.0,0.2279888540506363
1,29840.0,32220.0,0.1360216736793518
1,19200.0,32280.0,0.20785434544086456
1,35700.0,32280.0,0.1082369014620781
1,34740.0,32300.0,0.21291705965995789
1,30720.0,32320.0,0.14668457210063934
1,35460.0,32320.0,0.1299935281276703
1,34620.0,32360.0,0.1398688703775406
1,29420.0,32380.0,0.15291407704353333
1,30840.0,32380.0,0.14349734783172607
1,31220.0,32380.0,0.12336251139640808
1,39800.0,32380.0,0.1894894391298294
1,5140.0,32440.0,0.10845495760440826
1,37920.0,32520.0,0.19266383349895477
1,25380.0,32560.0,0.1359437257051468
1,17760.0,32620.0,0.14526832103729248
1,18360.0,32620.0,0.12822939455509186
1,24600.0,32620.0,0.16621212661266327
1,16220.0,32640.0,0.12900559604167938
1,17060.0,32640.0,0.17584876716136932
1,36920.0,32640.0,0.14632642269134521
1,24720.0,32700.0,0.10221520811319351
1,38700.0,32700.0,0.15127316117286682
1,40700.0,32700.0,0.1444532722234726
1,8480.0,32780.0,0.17815683782100677
1,12520.0,32780.0,0.1825721710920334
1,13200.0,32780.0,0.16119574010372162
1,23140.0,32780.0,0.23627212643623352
1,39360.0,32780.0,0.19645603001117706
1,24900.0,32820.0,0.183080792427063
1,29620.0,32820.0,0.2539867162704468
1,22500.0,32840.0,0.1324310153722763
1,29480.0,32860.0,0.19713428616523743
1,820.0,32920.0,0.2459297627210617
1,16200.0,32960.0,0.22130542993545532
1,18060.0,32980.0,0.22473834455013275
1,21280.0,32980.0,0.23396684229373932
1,22540.0,32980.0,0.14299660921096802
1,32640.0,33020.0,0.17725367844104767
1,20640.0,33040.0,0.14377537369728088
1,34040.0,33040.0,0.3091598451137543
1,35300.0,33040.0,0.12358425557613373
1,38320.0,33080.0,0.12126776576042175
1,24880.0,33100.0,0.10597755014896393
1,26880.0,33100.0,0.12879669666290283
1,16920.0,33140.0,0.15204225480556488
1,33040.0,33160.0,0.14565859735012054
1,17480.0,33180.0,0.10846027731895447
1,14440.0,33220.0,0.3789239227771759
1,29600.0,33240.0,0.15820489823818207
1,36840.0,33260.0,0.1405869424343109
1,37760.0,33260.0,0.11333130300045013
1,38980.0,33280.0,0.1125432625412941
1,33220.0,33300.0,0.16890910267829895
1,36700.0,33300.0,0.21062596142292023
1,39160.0,33320.0,0.135189950466156
1,21000.0,33360.0,0.10056077688932419
1,40920.0,33360.0,0.2046050727367401
1,37360.0,33400.0,0.1462281495332718
1,36600.0,33440.0,0.1370004564523697
1,28100.0,33460.0,0.16927175223827362
1,26900.0,33480.0,0.11973550915718079
1,38000.0,33480.0,0.15032801032066345
1,39720.0,33480.0,0.12911444902420044
1,36060.0,33520.0,0.11219032853841782
1,40600.0,33520.0,0.19952541589736938
1,29220.0,33540.0,0.2261522263288498
1,38740.0,33540.0,0.17217878997325897
1,19720.0,33560.0,0.1467326432466507
1,34040.0,33560.0,0.18272459506988525
1,36640.0,33580.0,0.11831296235322952
1,37800.0,33580.0,0.11240027099847794
1,19760.0,33600.0,0.18391039967536926
1,21840.0,33600.0,0.2928129732608795
1,25740.0,33620.0,0.10648281127214432
1,28340.0,33660.0,0.19410917162895203
1,14000.0,33700.0,0.1949184536933899
1,19000.0,33700.0,0.12757499516010284
1,21580.0,33700.0,0.18652991950511932
1,33700.0,33700.0,0.14118823409080505
1,32700.0,33760.0,0.1664930284023285
1,32620.0,33780.0,0.1213134378194809
1,36920.0,33780.0,0.12340261787176132
1,24500.0,33800.0,0.14752072095870972
1,25720.0,33820.0,0.3003915548324585
1,31940.0,33820.0,0.2546984553337097
1,20760.0,33840.0,0.1490381509065628
1,30020.0,33920.0,0.13491018116474152
1,35300.0,33920.0,0.15089812874794006
1,40400.0,33920.0,0.14641541242599487
1,40460.0,33940.0,0.10127480328083038
1,38900.0,33980.0,0.12179241329431534
1,21540.0,34000.0,0.11845192313194275
1,29420.0,34000.0,0.15177321434020996
1,30520.0,34000.0,0.11431711167097092
1,20060.0,34020.0,0.12213032692670822
1,31420.0,34060.0,0.2424592226743698
1,20980.0,34080.0,0.2400895208120346
1,22680.0,34080.0,0.16303277015686035
1,37440.0,34100.0,0.13696888089179993
1,37500.0,34100.0,0.14699430763721466
1,19260.0,34140.0,0.15555964410305023
1,23560.0,34140.0,0.10632935911417007
1,28640.0,34140.0,0.12181142717599869
1,15360.0,34160.0,0.2611292004585266
1,25360.0,34220.0,0.17655742168426514
1,30420.0,34300.0,0.16826599836349487
1,34760.0,34300.0,0.15523386001586914
1,39340.0,34320.0,0.10408442467451096
1,40220.0,34320.0,0.18756701052188873
1,40780.0,34320.0,0.19287753105163574
1,39240.0,34340.0,0.1847994178533554
1,24080.0,34360.0,0.13173352181911469
1,33740.0,34420.0,0.24673235416412354
1,34820.0,34420.0,0.15778549015522003
1,22980.0,34460.0,0.21491488814353943
1,38180.0,34480.0,0.22020375728607178
1,29400.0,34500.0,0.1025364100933075
1,26720.0,34520.0,0.11188808083534241
1,17200.0,34540.0,0.30472972989082336
1,28280.0,34540.0,0.13546881079673767
1,35480.0,34540.0,0.15993516147136688
1,39260.0,34560.0,0.1577354222536087
1,25040.0,34580.0,0.1520291119813919
1,33300.0,34580.0,0.24323567748069763
1,23980.0,34600.0,0.1561460942029953
1,37140.0,34640.0,0.23212842643260956
1,18780.0,34680.0,0.16824515163898468
1,20460.0,34740.0,0.21890674531459808
1,33740.0,34860.0,0.10654821246862411
1,39980.0,34880.0,0.11653503775596619
1,24340.0,34900.0,0.23941344022750854
1,27900.0,34900.0,0.1370650976896286
1,35560.0,35020.0,0.23732532560825348
1,34900.0,35060.0,0.13460201025009155
1,27200.0,35100.0,0.1418326050043106
1,25940.0,35180.0,0.24991045892238617
1,32740.0,35180.0,0.23552215099334717
1,37600.0,35180.0,0.2308027297258377
1,26500.0,35220.0,0.13983532786369324
1,36720.0,35220.0,0.2235625833272934
1,35320.0,35240.0,0.17568063735961914
1,28920.0,35260.0,0.1108814924955368
1,38160.0,35260.0,0.2423948496580124
1,36660.0,35340.0,0.1669168621301651
1,33420.0,35360.0,0.27359241247177124
1,37260.0,35360.0,0.14868605136871338
1,29320.0,35440.0,0.21287623047828674
1,19640.0,35500.0,0.11622823029756546
1,20700.0,35500.0,0.3735312223434448
1,31540.0,35520.0,0.17173266410827637
1,25360.0,35600.0,0.1477668285369873
1,24000.0,35640.0,0.18639741837978363
1,28580.0,35640.0,0.1983184963464737
1,30280.0,35640.0,0.10789081454277039
1,24680.0,35660.0,0.145521342754364
1,26520.0,35720.0,0.1745009422302246
1,38700.0,35740.0,0.4107781648635864
1,34740.0,35760.0,0.19053122401237488
1,22300.0,35780.0,0.29860633611679077
1,39380.0,35800.0,0.14858537912368774
1,25920.0,35860.0,0.2760542035102844
1,28040.0,35900.0,0.18333978950977325
1,21700.0,35980.0,0.23562707006931305
1,23580.0,35980.0,0.27816033363342285
1,28620.0,35980.0,0.2141592800617218
1,28560.0,36000.0,0.12343664467334747
1,33080.0,36080.0,0.21902675926685333
1,27240.0,36140.0,0.3939357101917267
1,39860.0,36160.0,0.1340107023715973
1,29980.0,36240.0,0.30278533697128296
1,36600.0,36240.0,0.28366902470588684
1,24400.0,36280.0,0.21296921372413635
1,38620.0,36320.0,0.13825003802776337
1,39980.0,36340.0,0.2098878175020218
1,31980.0,36420.0,0.11448030918836594
1,22320.0,36460.0,0.24700333178043365
1,24940.0,36460.0,0.27611204981803894
1,21500.0,36480.0,0.184507355093956
1,33860.0,36520.0,0.42877310514450073
1,28720.0,36560.0,0.2382616102695465
1,31000.0,36640.0,0.1658666878938675
1,30980.0,36700.0,0.19837911427021027
1,38840.0,36780.0,0.18172092735767365
1,36240.0,36820.0,0.1784912794828415
1,24240.0,36860.0,0.10153928399085999
1,37540.0,36860.0,0.2033511847257614
1,32720.0,36900.0,0.33443334698677063
1,38200.0,37020.0,0.14001870155334473
1,25340.0,37040.0,0.2857910990715027
1,28940.0,37080.0,0.1378774642944336
1,40020.0,37120.0,0.16984108090400696
1,34300.0,37160.0,0.12426265329122543
1,32080.0,37220.0,0.14154283702373505
1,36140.0,37240.0,0.18971821665763855
1,40400.0,37300.0,0.19070342183113098
1,28420.0,37360.0,0.3537072539329529
1,39460.0,37380.0,0.10473795980215073
1,37300.0,37420.0,0.2302786111831665
1,34680.0,37440.0,0.19895759224891663
1,35680.0,37440.0,0.3516356647014618
1,38880.0,37460.0,0.23780454695224762
1,24980.0,37720.0,0.30438360571861267
1,29000.0,37740.0,0.22293639183044434
1,32340.0,37840.0,0.22968758642673492
1,34360.0,37860.0,0.18599992990493774
1,33120.0,38120.0,0.2507569491863251
1,30840.0,38140.0,0.30210915207862854
1,38520.0,38140.0,0.3444404900074005
1,31920.0,38500.0,0.16887438297271729
1,40120.0,38520.0,0.28032317757606506
1,32840.0,38540.0,0.2568923234939575
1,34160.0,38960.0,0.34537941217422485
1,31520.0,39320.0,0.12559962272644043
1,35600.0,39400.0,0.13420169055461884
1,38400.0,39440.0,0.16562111675739288
1,31440.0,39560.0,0.28384730219841003
1,31180.0,40120.0,0.23273645341396332
1,35180.0,40280.0,0.18989665806293488
1,4920.0,40420.0,0.31798678636550903
